residueID,count
81,39
333,46
1,17
320,35
232,34
236,45
267,23
228,30
2,17
68,32
297,31
299,32
324,52
152,38
279,43
325,37
114,36
298,33
84,41
63,49
95,29
190,21
283,44
93,48
69,48
192,31
362,42
3,17
60,38
275,32
268,29
120,35
278,42
94,53
246,30
307,35
310,32
6,30
286,41
166,38
334,32
159,23
39,30
216,37
158,36
327,35
280,26
112,27
301,43
290,43
261,33
15,27
42,19
138,45
342,27
329,36
46,67
291,42
168,31
300,29
32,35
266,39
318,39
197,33
209,40
287,39
117,63
331,23
193,29
24,25
70,35
92,38
296,37
270,27
73,47
225,40
308,30
89,62
90,62
103,63
101,63
110,65
109,65
102,63
306,38
162,26
135,53
262,25
243,36
125,36
346,44
30,28
128,37
164,39
203,37
348,23
252,34
253,45
54,53
206,30
118,33
241,26
17,24
48,6
45,68
71,34
5,24
191,23
230,36
212,42
21,12
223,27
160,15
288,24
20,30
366,34
210,50
34,22
269,41
330,42
247,18
170,37
136,58
137,57
127,57
122,62
124,63
238,48
265,34
351,34
134,28
233,36
198,34
185,33
208,38
187,22
123,61
85,16
231,32
248,34
62,36
64,36
61,37
66,37
319,30
4,15
304,43
326,30
154,44
132,28
144,53
13,23
91,43
245,28
215,34
140,51
38,41
303,30
199,24
239,27
196,33
356,17
49,28
88,14
282,25
260,44
126,56
113,56
115,57
116,58
161,32
195,25
139,36
292,37
169,34
237,30
218,26
12,27
221,18
276,39
323,37
26,33
271,33
244,31
249,41
14,20
224,16
163,35
19,12
167,30
188,21
155,42
336,32
240,25
51,42
219,34
202,41
23,31
285,30
263,41
194,21
272,36
56,9
357,22
305,28
41,38
200,26
121,35
186,15
293,33
28,24
133,64
259,35
284,33
214,36
72,37
359,18
98,47
97,48
100,45
105,44
107,46
99,46
104,44
108,46
281,45
213,23
75,50
74,50
76,50
220,27
7,22
332,27
145,55
235,31
31,34
189,25
294,31
322,38
312,29
234,32
65,34
146,55
289,32
328,37
40,15
53,50
47,47
11,18
172,26
147,64
165,26
111,25
119,23
37,38
201,25
96,44
309,33
227,32
314,26
27,23
211,37
361,51
16,25
22,22
205,32
142,54
143,54
242,31
44,46
340,35
264,32
204,22
311,32
33,24
254,27
343,32
129,38
250,30
106,37
313,10
173,22
9,23
207,25
8,20
50,39
149,64
338,42
335,26
229,36
337,23
184,18
151,61
10,16
43,28
52,18
25,21
67,34
35,21
274,35
141,30
226,34
148,64
217,28
171,29
251,22
130,50
36,17
316,14
277,36
258,28
315,33
18,29
222,21
341,42
295,24
29,17
79,11
78,24
344,28
317,12
150,46
273,22
157,45
55,9
339,32
82,8
87,10
83,8
156,37
302,15
153,51
77,14
80,14
345,35
255,16
256,12
349,30
360,44
174,3
58,11
57,10
59,11
347,35
358,18
364,46
179,4
180,3
183,8
181,3
175,3
321,19
86,6
182,6
350,37
352,19
367,31
368,26
372,24
363,32
369,35
370,38
373,40
371,24
365,29
355,8
353,12
354,8
131,14
